<?xml version="1.0" encoding="UTF-8"?>
<project-private xmlns="http://www.netbeans.org/ns/project-private/1">
    <editor-bookmarks xmlns="http://www.netbeans.org/ns/editor-bookmarks/2" lastBookmarkId="0"/>
    <open-files xmlns="http://www.netbeans.org/ns/projectui-open-files/2">
        <group>
            <file>file:C:/laragon/www/Cours_Technologies_Internet_Q2/Projet_Examen_Q2/Projet_Q2/pages/Accueil.php</file>
            <file>file:C:/laragon/www/Cours_Technologies_Internet_Q2/Projet_Examen_Q2/Projet_Q2/admin/pages/accueil.php</file>
            <file>file:C:/laragon/www/Cours_Technologies_Internet_Q2/Projet_Examen_Q2/Projet_Q2/admin/lib/php/classes/ClientBD.class.php</file>
            <file>file:C:/laragon/www/Cours_Technologies_Internet_Q2/Projet_Examen_Q2/Projet_Q2/admin/lib/php/classes/CategorieBD.class.php</file>
            <file>file:C:/laragon/www/Cours_Technologies_Internet_Q2/Projet_Examen_Q2/Projet_Q2/admin/lib/php/classes/PanierBD.class.php</file>
            <file>file:C:/laragon/www/Cours_Technologies_Internet_Q2/Projet_Examen_Q2/Projet_Q2/admin/lib/php/classes/ProduitsFemmesBD.class.php</file>
            <file>file:C:/laragon/www/Cours_Technologies_Internet_Q2/Projet_Examen_Q2/Projet_Q2/admin/lib/php/classes/ProduitsHommes.class.php</file>
        </group>
    </open-files>
</project-private>
